PLAYER,SALARY,SIGNING,TEAM,2027 SALARY,2027 STATUS
Napheesa Collier,"$1,400,000",Core,MIN,,UFA
Kelsey Mitchell,"$1,400,000",Core,IND,,UFA
A'ja Wilson,"$1,400,000",UFA,LVA,"$1,470,000",Signed
Ezi Magbegor,"$1,250,000",Core,SEA,"$1,250,000",Signed
Kahleah Copper,"$1,200,000",UFA,PHX,"$1,260,000",Signed
Marina Mabrey,"$1,200,000",Core,TOR,"$1,200,000",Signed
Alyssa Thomas,"$1,200,000",UFA,PHX,"$1,200,000",Signed
Shakira Austin,"$1,190,000",RFA,WAS,"$1,190,000",Signed
Bridget Carleton,"$1,190,000",Core,PDX,"$1,249,500",Signed
Allisha Gray,"$1,190,000",UFA,ATL,"$1,240,000",Signed
Brittney Griner,"$1,190,000",UFA,CON,,UFA
Sabrina Ionescu,"$1,190,000",Core,NYL,"$1,249,500",Signed
Jonquel Jones,"$1,190,000",UFA,NYL,"$1,249,500",Signed
Kayla McBride,"$1,190,000",UFA,MIN,"$1,249,500",Signed
Arike Ogunbowale,"$1,190,000",Core,DAL,"$1,249,500",Signed
Alanna Smith,"$1,190,000",UFA,DAL,"$1,249,500",Signed
Breanna Stewart,"$1,190,000",UFA,NYL,"$1,249,500",Signed
Brittney Sykes,"$1,190,000",UFA,TOR,"$1,190,000",Signed
Courtney Williams,"$1,190,000",UFA,MIN,"$1,249,500",Signed
Gabby Williams,"$1,190,000",UFA,GSV,"$1,249,500",Signed
Jackie Young,"$1,190,000",UFA,LVA,,UFA
Dearica Hamby,"$1,100,000",UFA,LAS,"$1,122,500",Signed
Rhyne Howard,"$1,100,000",RFA,ATL,"$1,125,000",Signed
Ariel Atkins,"$1,085,000",Core,LAS,"$1,139,000",Signed
Aliyah Boston,"$1,000,000",Rookie,IND,"$1,470,000",Signed
Kennedy Burke,"$1,000,000",UFA,CON,,UFA
Temi Fagbenle,"$1,000,000",UFA,TOR,,UFA
Chelsea Gray,"$1,000,000",UFA,LVA,"$1,050,000",Signed
Brionna Jones,"$1,000,000",UFA,ATL,"$1,025,000",Signed
Jessica Shepard,"$1,000,000",UFA,DAL,"$1,050,000",Signed
Azurá Stevens,"$1,000,000",UFA,CHI,"$1,050,000",Signed
Kelsey Plum,"$999,999",Core,PHX,,UFA
Nneka Ogwumike,"$950,000",UFA,LAS,,UFA
Veronica Burton,"$925,000",RFA,GSV,"$971,250",Signed
Skylar Diggins,"$920,000",UFA,CHI,"$940,000",Signed
Naz Hillmon,"$840,000",RFA,ATL,"$850,000",Signed
Satou Sabally,"$815,000",UFA,NYL,"$855,750",Signed
Monique Billings,"$800,000",UFA,IND,"$800,000",Signed
Jewell Loyd,"$800,000",UFA,LVA,"$840,000",Signed
Lexie Hull,"$765,000",RFA,IND,"$803,250",Signed
Stefanie Dolson,"$750,000",UFA,SEA,,UFA
Natisha Hiedeman,"$750,000",UFA,SEA,"$775,000",Signed
Kayla Thornton,"$750,000",UFA,GSV,,UFA
Courtney Vandersloot,"$750,000",UFA,CHI,"$750,000",Signed
Olivia Nelson-Ododa,"$735,000",RFA,CON,"$700,000",Signed
Sami Whitcomb,"$735,000",UFA,PHX,"$700,000",Signed
Natasha Howard,"$700,000",UFA,MIN,"$735,000",Signed
Michaela Onyenwere,"$700,000",UFA,WAS,"$735,000",Signed
Sophie Cunningham,"$665,000",UFA,IND,,UFA
Jordin Canada,"$650,000",UFA,ATL,"$650,000",Signed
DiJonai Carrington,"$650,000",UFA,CHI,,UFA
Erica Wheeler,"$625,000",UFA,LAS,"$625,000",Signed
Kaila Charles,"$600,000",UFA,GSV,"$615,000",Signed
Tiffany Hayes,"$600,000",UFA,GSV,,UFA
Elizabeth Williams,"$600,000",UFA,CHI,"$600,000",Signed
Natasha Cloud,"$555,000",UFA,CHI,,UFA
Diamond Miller,"$536,588",Rookie,CON,,RFA
Caitlin Clark,"$528,846",,IND,"$597,596",Signed
Awak Kuier,"$525,000",,DAL,,RFA
Maddy Siegrist,"$501,080",Rookie,DAL,,RFA
Valeriane Ayayi,"$500,000",,PHX,,Reserved
DeWanna Bonner,"$500,000",UFA,PHX,,UFA
Paige Bueckers,"$500,000",Rookie,DAL,"$550,000",Signed
Megan DiLeo,"$500,000",UFA,PDX,"$525,000",Signed
Azzi Fudd,"$500,000",,DAL,"$520,000",Signed
Jade Melbourne,"$500,000",UFA,SEA,,RFA
Janelle Salaun,"$500,000",Reserved,GSV,"$520,000",Signed
Cecilia Zandalasini,"$500,000",Reserved,GSV,,RFA
Cameron Brink,"$493,851",Rookie,LAS,"$558,051",Signed
Dominique Malonga,"$466,913",Rookie,SEA,"$513,605",Signed
Olivia Miles,"$466,913",,MIN,"$485,590",Signed
Kamilla Cardoso,"$461,171",Rookie,CHI,"$521,123",Signed
Iliana Rupert,"$450,000",Reserved,GSV,"$472,500",Signed
NaLyssa Smith,"$450,000",RFA,LVA,,UFA
Nyara Sabally,"$436,957",Rookie,TOR,,RFA
Sonia Citron,"$436,016",Rookie,WAS,"$479,618",Signed
Awa Fam,"$436,016",,SEA,"$453,457",Signed
Rickea Jackson,"$430,654",Rookie,CHI,"$486,638",Signed
Julie Allemand,"$425,000",Reserved,TOR,"$425,000",Signed
Rachel Banham,"$425,000",UFA,CHI,,UFA
Katie Lou Samuelson,"$420,000",UFA,SEA,"$420,000",Signed
Lauren Betts,"$407,163",,WAS,"$423,450",Signed
Kiki Iriafen,"$407,163",Rookie,WAS,"$447,880",Signed
Jacy Sheldon,"$402,155",Rookie,CHI,"$454,435",Signed
Tyasha Harris,"$400,000",UFA,IND,,UFA
Isabelle Harrison,"$400,000",UFA,TOR,,UFA
Betnijah Laney-Hamilton,"$400,000",,WAS,,UFA
Stephanie Talbot,"$392,500",UFA,LVA,,UFA
Gabriela Jaquez,"$380,219",,CHI,"$395,428",Signed
Juste Jocyte,"$380,219",,GSV,"$395,428",Signed
Dana Evans,"$380,000",UFA,LVA,"$399,000",Signed
Aaliyah Edwards,"$375,542",Rookie,CON,"$424,362",Signed
Kiah Stokes,"$375,000",UFA,GSV,"$386,250",Signed
Karlie Samuelson,"$360,000",UFA,PDX,,UFA
Georgia Amoore,"$355,058",Rookie,WAS,"$390,563",Signed
Kiki Rice,"$355,058",,TOR,"$369,260",Signed
Angel Reese,"$350,692",Rookie,ATL,"$396,282",Signed
Rebecca Allen,"$350,000",UFA,NYL,,UFA
Nia Coffey,"$350,000",UFA,MIN,"$367,500",Signed
Jordan Horston,"$332,278",,SEA,,Reserved
Aneesah Morrow,"$331,563",Rookie,TOR,"$364,720",Signed
Luisa Geiselsöder,"$325,000",Reserved,PDX,"$341,250",Signed
Dorka Juhász,"$318,910",,MIN,,Reserved
Myisha Hines-Allen,"$315,000",UFA,IND,,UFA
Flau'jae Johnson,"$309,622",,SEA,"$322,007",Signed
Saniya Rivers,"$309,622",Rookie,CON,"$340,585",Signed
Natasha Mack,"$303,600",Reserved,PHX,"$288,600",Signed
Monique Akoa Makani,"$300,000",Reserved,LAS,"$288,600",Signed
Haley Jones,"$300,000",Reserved,PDX,,
Leonie Fiebich,"$293,510",,NYL,"$331,666",Signed
Nell Angloma,"$289,133",,CON,"$300,698",Signed
Sarah Ashlee Barker,"$289,133",Rookie,PDX,"$318,046",Signed
Angela Dugalić,"$289,133",,WAS,"$300,698",Signed
Aziaha James,"$289,133",Rookie,DAL,"$318,046",Signed
Raven Johnson,"$289,133",,IND,"$300,698",Signed
Gianna Kneepkens,"$289,133",,CON,"$300,698",Signed
Leila Lacan,"$289,133",,CON,"$318,046",Signed
Carla Leite,"$289,133",Rookie,PDX,"$318,046",Signed
Cotie McMahon,"$289,133",,WAS,"$300,698",Signed
Madina Okot,"$289,133",,ATL,"$300,698",Signed
Nyadiew Puoch,"$289,133",,PDX,"$300,698",Signed
Laeticia Amihere,"$277,500",Reserved,GSV,,RFA
Kierstan Bell,"$277,500",RFA,LVA,,UFA
Lexie Brown,"$277,500",UFA,SEA,,
Rae Burrell,"$277,500",,LAS,,RFA
Maya Caldwell,"$277,500",Reserved,MIN,,RFA
Emma Cannon,"$277,500",UFA,LAS,,UFA
Kaitlyn Chen,"$277,500",Reserved,GSV,,Reserved
Alysha Clark,"$277,500",UFA,DAL,,UFA
Zia Cooke,"$277,500",Reserved,SEA,,RFA
Damiris Dantas,"$277,500",UFA,IND,"$288,600",Signed
Emily Engstler,"$277,500",Reserved,PDX,,RFA
Rebekah Gardner,"$277,500",Reserved,NYL,,RFA
Mackenzie Holmes,"$277,500",Reserved,SEA,,Reserved
Marine Johannes,"$277,500",Reserved,NYL,,RFA
Sika Kone,"$277,500",Reserved,ATL,,
Anastasiia Olairi Kosu,"$277,500",Rookie,MIN,"$305,250",Signed
Kyara Linskens,"$277,500",UFA,PHX,,Reserved
Kia Nurse,"$277,500",UFA,TOR,,UFA
Aaliyah Nye,"$277,500",Rookie,ATL,"$305,250",Signed
Lucy Olsen,"$277,500",Rookie,WAS,"$305,250",Signed
Te-Hina Paopao,"$277,500",Rookie,ATL,"$305,250",Signed
Cheyenne Parker-Tyus,"$277,500",UFA,LVA,,UFA
Odyssey Sims,"$277,500",UFA,DAL,,UFA
Makayla Timpson,"$277,500",Rookie,IND,"$305,250",Signed
Brianna Turner,"$277,500",UFA,LVA,,UFA
Han Xu,"$277,500",,NYL,,Reserved
Li Yueru,"$277,500",Reserved,DAL,,Reserved
Pauline Astier,"$270,000",,NYL,,Reserved
Janiah Barker,"$270,000",,LVA,"$288,600",Signed
Raegan Beers,"$270,000",,CON,,Reserved
Isobel Borlase,"$270,000",,ATL,"$288,600",Signed
Noemie Brochant,"$270,000",,PHX,,Reserved
Raquel Carrera,"$270,000",,NYL,,Reserved
Emma Cechova,"$270,000",,MIN,,Reserved
Maria Conde,"$270,000",,TOR,,Reserved
Antonia Delaere,"$270,000",,MIN,,Reserved
Chance Gray,"$270,000",,LAS,"$288,600",Signed
Rori Harmon,"$270,000",,WAS,,
Laura Juskaite,"$270,000",,TOR,,Reserved
Teonni Key,"$270,000",,TOR,"$288,600",Signed
Charlisse Leger-Walker,"$270,000",,CON,"$288,600",Signed
Jovana Nogic,"$270,000",,PHX,,Reserved
Teja Oblak,"$270,000",,PDX,,Reserved
Jihyun Park,"$270,000",,LAS,,Reserved
Cassandre Prosper,"$270,000",,WAS,"$288,600",Signed
Sydney Taylor,"$270,000",,CHI,,Reserved
Serah Williams,"$270,000",,PDX,"$288,600",Signed
Shey Peddy,"$259,451",UFA,CON,,
Frieda Buhner,"$241,463",,PDX,,Reserved
Holly Winterburn,"$241,463",,PDX,,Reserved
Grace VanSlooten,"$239,268",,IND,,
Tima Pouye,"$226,098",,TOR,,
Lexi Held,"$223,354",UFA,PHX,,Reserved
Alicia Flórez,"$210,732",,WAS,"$288,600",Signed
Taylor Thierry,"$207,561",Dev,SEA,,Reserved
Nadia Fingall,"$204,146",,GSV,,
Sug Sutton,"$194,024",UFA,DAL,,UFA
Kiana Williams,"$182,744",Dev,LAS,,
Aicha Coulibaly,"$160,244",,CHI,,
Kate Martin,"$144,390",Dev,LAS,"$288,600",Signed
Shatori Walker-Kimbrough,"$142,134",UFA,ATL,,UFA
Chennedy Carter,"$139,878",,LVA,,
Justine Pissott,"$138,293",,LVA,,Reserved
Quionche Carter,"$136,098",,PHX,,
Ta'Niya Latson,"$136,098",,LAS,,
Indya Nivar,"$136,098",,ATL,,
Mai Yamamoto,"$116,341",,LVA,,
Sania Feagin,"$101,524",Rookie,LAS,,
Kalani Brown,"$100,000",UFA,PHX,,
JJ Quinerly,"$90,244",Rookie,DAL,,
Chloe Bibby,"$85,732",UFA,MIN,,Reserved
Eliska Joklova,"$81,220",,MIN,,
Marta Suarez,"$79,024",,PHX,,Reserved
Kamiah Smalls,"$76,707",UFA,PDX,,
Marine Fauthoux,"$72,439",,NYL,"$288,600",Signed
Ndjakalenga Mwenentanda,"$72,439",,GSV,,
Teaira McCowan,"$69,939",UFA,MIN,,
Jordan Harrison,"$65,854",,PDX,,Reserved
Saylor Poffenbarger,"$65,854",,CHI,,
Mercedes Russell,"$65,427",UFA,IND,,
Amy Okonkwo,"$63,659",Hardship,PDX,,
Alex Wilson,"$61,463",,WAS,,
Kiana Williams,"$58,659",Dev,PHX,,
Sug Sutton,"$55,285",UFA,PDX,,UFA
Hailey Van Lith,"$54,066",Rookie,CON,,
Ashlon Jackson,"$52,683",,CON,,
Tonie Morgan,"$52,683",,LAS,"$288,600",Signed
Lexi Held,"$51,890",UFA,TOR,,Reserved
Eliska Joklova,"$46,098",,MIN,,
Marta Suarez,"$46,098",,PHX,,Reserved
Eliska Joklova,"$43,902",,MIN,,
Joyner Holmes,"$40,610",Hardship,SEA,,
Nikolina Milic,"$38,354",,TOR,,
Julie Vanloo,"$38,354",Hardship,NYL,,
Shatori Walker-Kimbrough,"$36,098",UFA,IND,,UFA
Kayla Alexander,"$31,586",,TOR,,
Rayah Marshall,"$31,586",UFA,CON,,
Aubrey Griffin,"$30,732",,NYL,,
Grace VanSlooten,"$28,537",,SEA,,
Ashten Prechtel,"$26,341",,GSV,,
Liatu King,"$24,817",UFA,MIN,,
Anneli Maley,"$24,146",,PHX,,
Jordan Harrison,"$13,171",,PDX,,Reserved
Peyton Williams,"$13,171",,PHX,,
Holly Winterburn,"$8,780",,ATL,,Reserved
